paymentType,userId,businessId,reservableItemId,reservableTimeId,requestQuantity
WALLET,1,1,1,1,2
WALLET,2,2,31,91,2
WALLET,3,3,61,181,2
WALLET,4,4,91,271,2
WALLET,5,5,121,361,2
WALLET,6,6,151,451,2
WALLET,7,7,181,541,2
WALLET,8,8,211,631,2
WALLET,9,9,241,721,2
WALLET,10,10,271,811,2
WALLET,11,11,301,901,2
WALLET,12,12,331,991,2
WALLET,13,13,361,1081,2
WALLET,14,14,391,1171,2
WALLET,15,15,421,1261,2
WALLET,16,16,451,1351,2
WALLET,17,17,481,1441,2
WALLET,18,18,511,1531,2
WALLET,19,19,541,1621,2
WALLET,20,20,571,1711,2
WALLET,21,21,601,1801,2
WALLET,22,22,631,1891,2
WALLET,23,23,661,1981,2
WALLET,24,24,691,2071,2
WALLET,25,25,721,2161,2
WALLET,26,26,751,2251,2
WALLET,27,27,781,2341,2
WALLET,28,28,811,2431,2
WALLET,29,29,841,2521,2
WALLET,30,30,871,2611,2
WALLET,31,31,901,2701,2
WALLET,32,32,931,2791,2
WALLET,33,33,961,2881,2
WALLET,34,34,991,2971,2
WALLET,35,35,1021,3061,2
WALLET,36,36,1051,3151,2
WALLET,37,37,1081,3241,2
WALLET,38,38,1111,3331,2
WALLET,39,39,1141,3421,2
WALLET,40,40,1171,3511,2
WALLET,41,41,1201,3601,2
WALLET,42,42,1231,3691,2
WALLET,43,43,1261,3781,2
WALLET,44,44,1291,3871,2
WALLET,45,45,1321,3961,2
WALLET,46,46,1351,4051,2
WALLET,47,47,1381,4141,2
WALLET,48,48,1411,4231,2
WALLET,49,49,1441,4321,2
WALLET,50,50,1471,4411,2
WALLET,51,51,1501,4501,2
WALLET,52,52,1531,4591,2
WALLET,53,53,1561,4681,2
WALLET,54,54,1591,4771,2
WALLET,55,55,1621,4861,2
WALLET,56,56,1651,4951,2
WALLET,57,57,1681,5041,2
WALLET,58,58,1711,5131,2
WALLET,59,59,1741,5221,2
WALLET,60,60,1771,5311,2
WALLET,61,61,1801,5401,2
WALLET,62,62,1831,5491,2
WALLET,63,63,1861,5581,2
WALLET,64,64,1891,5671,2
WALLET,65,65,1921,5761,2
WALLET,66,66,1951,5851,2
WALLET,67,67,1981,5941,2
WALLET,68,68,2011,6031,2
WALLET,69,69,2041,6121,2
WALLET,70,70,2071,6211,2
WALLET,71,71,2101,6301,2
WALLET,72,72,2131,6391,2
WALLET,73,73,2161,6481,2
WALLET,74,74,2191,6571,2
WALLET,75,75,2221,6661,2
WALLET,76,76,2251,6751,2
WALLET,77,77,2281,6841,2
WALLET,78,78,2311,6931,2
WALLET,79,79,2341,7021,2
WALLET,80,80,2371,7111,2
WALLET,81,81,2401,7201,2
WALLET,82,82,2431,7291,2
WALLET,83,83,2461,7381,2
WALLET,84,84,2491,7471,2
WALLET,85,85,2521,7561,2
WALLET,86,86,2551,7651,2
WALLET,87,87,2581,7741,2
WALLET,88,88,2611,7831,2
WALLET,89,89,2641,7921,2
WALLET,90,90,2671,8011,2
WALLET,91,91,2701,8101,2
WALLET,92,92,2731,8191,2
WALLET,93,93,2761,8281,2
WALLET,94,94,2791,8371,2
WALLET,95,95,2821,8461,2
WALLET,96,96,2851,8551,2
WALLET,97,97,2881,8641,2
WALLET,98,98,2911,8731,2
WALLET,99,99,2941,8821,2
WALLET,100,100,2971,8911,2
WALLET,101,101,3001,9001,2
WALLET,102,102,3031,9091,2
WALLET,103,103,3061,9181,2
WALLET,104,104,3091,9271,2
WALLET,105,105,3121,9361,2
WALLET,106,106,3151,9451,2
WALLET,107,107,3181,9541,2
WALLET,108,108,3211,9631,2
WALLET,109,109,3241,9721,2
WALLET,110,110,3271,9811,2
WALLET,111,111,3301,9901,2
WALLET,112,112,3331,9991,2
WALLET,113,113,3361,10081,2
WALLET,114,114,3391,10171,2
WALLET,115,115,3421,10261,2
WALLET,116,116,3451,10351,2
WALLET,117,117,3481,10441,2
WALLET,118,118,3511,10531,2
WALLET,119,119,3541,10621,2
WALLET,120,120,3571,10711,2
WALLET,121,121,3601,10801,2
WALLET,122,122,3631,10891,2
WALLET,123,123,3661,10981,2
WALLET,124,124,3691,11071,2
WALLET,125,125,3721,11161,2
WALLET,126,126,3751,11251,2
WALLET,127,127,3781,11341,2
WALLET,128,128,3811,11431,2
WALLET,129,129,3841,11521,2
WALLET,130,130,3871,11611,2
WALLET,131,131,3901,11701,2
WALLET,132,132,3931,11791,2
WALLET,133,133,3961,11881,2
WALLET,134,134,3991,11971,2
WALLET,135,135,4021,12061,2
WALLET,136,136,4051,12151,2
WALLET,137,137,4081,12241,2
WALLET,138,138,4111,12331,2
WALLET,139,139,4141,12421,2
WALLET,140,140,4171,12511,2
WALLET,141,141,4201,12601,2
WALLET,142,142,4231,12691,2
WALLET,143,143,4261,12781,2
WALLET,144,144,4291,12871,2
WALLET,145,145,4321,12961,2
WALLET,146,146,4351,13051,2
WALLET,147,147,4381,13141,2
WALLET,148,148,4411,13231,2
WALLET,149,149,4441,13321,2
WALLET,150,150,4471,13411,2
WALLET,151,151,4501,13501,2
WALLET,152,152,4531,13591,2
WALLET,153,153,4561,13681,2
WALLET,154,154,4591,13771,2
WALLET,155,155,4621,13861,2
WALLET,156,156,4651,13951,2
WALLET,157,157,4681,14041,2
WALLET,158,158,4711,14131,2
WALLET,159,159,4741,14221,2
WALLET,160,160,4771,14311,2
WALLET,161,161,4801,14401,2
WALLET,162,162,4831,14491,2
WALLET,163,163,4861,14581,2
WALLET,164,164,4891,14671,2
WALLET,165,165,4921,14761,2
WALLET,166,166,4951,14851,2
WALLET,167,167,4981,14941,2
WALLET,168,168,5011,15031,2
WALLET,169,169,5041,15121,2
WALLET,170,170,5071,15211,2
WALLET,171,171,5101,15301,2
WALLET,172,172,5131,15391,2
WALLET,173,173,5161,15481,2
WALLET,174,174,5191,15571,2
WALLET,175,175,5221,15661,2
WALLET,176,176,5251,15751,2
WALLET,177,177,5281,15841,2
WALLET,178,178,5311,15931,2
WALLET,179,179,5341,16021,2
WALLET,180,180,5371,16111,2
WALLET,181,181,5401,16201,2
WALLET,182,182,5431,16291,2
WALLET,183,183,5461,16381,2
WALLET,184,184,5491,16471,2
WALLET,185,185,5521,16561,2
WALLET,186,186,5551,16651,2
WALLET,187,187,5581,16741,2
WALLET,188,188,5611,16831,2
WALLET,189,189,5641,16921,2
WALLET,190,190,5671,17011,2
WALLET,191,191,5701,17101,2
WALLET,192,192,5731,17191,2
WALLET,193,193,5761,17281,2
WALLET,194,194,5791,17371,2
WALLET,195,195,5821,17461,2
WALLET,196,196,5851,17551,2
WALLET,197,197,5881,17641,2
WALLET,198,198,5911,17731,2
WALLET,199,199,5941,17821,2
WALLET,200,200,5971,17911,2
WALLET,201,201,6001,18001,2
WALLET,202,202,6031,18091,2
WALLET,203,203,6061,18181,2
WALLET,204,204,6091,18271,2
WALLET,205,205,6121,18361,2
WALLET,206,206,6151,18451,2
WALLET,207,207,6181,18541,2
WALLET,208,208,6211,18631,2
WALLET,209,209,6241,18721,2
WALLET,210,210,6271,18811,2
WALLET,211,211,6301,18901,2
WALLET,212,212,6331,18991,2
WALLET,213,213,6361,19081,2
WALLET,214,214,6391,19171,2
WALLET,215,215,6421,19261,2
WALLET,216,216,6451,19351,2
WALLET,217,217,6481,19441,2
WALLET,218,218,6511,19531,2
WALLET,219,219,6541,19621,2
WALLET,220,220,6571,19711,2
WALLET,221,221,6601,19801,2
WALLET,222,222,6631,19891,2
WALLET,223,223,6661,19981,2
WALLET,224,224,6691,20071,2
WALLET,225,225,6721,20161,2
WALLET,226,226,6751,20251,2
WALLET,227,227,6781,20341,2
WALLET,228,228,6811,20431,2
WALLET,229,229,6841,20521,2
WALLET,230,230,6871,20611,2
WALLET,231,231,6901,20701,2
WALLET,232,232,6931,20791,2
WALLET,233,233,6961,20881,2
WALLET,234,234,6991,20971,2
WALLET,235,235,7021,21061,2
WALLET,236,236,7051,21151,2
WALLET,237,237,7081,21241,2
WALLET,238,238,7111,21331,2
WALLET,239,239,7141,21421,2
WALLET,240,240,7171,21511,2
WALLET,241,241,7201,21601,2
WALLET,242,242,7231,21691,2
WALLET,243,243,7261,21781,2
WALLET,244,244,7291,21871,2
WALLET,245,245,7321,21961,2
WALLET,246,246,7351,22051,2
WALLET,247,247,7381,22141,2
WALLET,248,248,7411,22231,2
WALLET,249,249,7441,22321,2
WALLET,250,250,7471,22411,2
WALLET,251,251,7501,22501,2
WALLET,252,252,7531,22591,2
WALLET,253,253,7561,22681,2
WALLET,254,254,7591,22771,2
WALLET,255,255,7621,22861,2
WALLET,256,256,7651,22951,2
WALLET,257,257,7681,23041,2
WALLET,258,258,7711,23131,2
WALLET,259,259,7741,23221,2
WALLET,260,260,7771,23311,2
WALLET,261,261,7801,23401,2
WALLET,262,262,7831,23491,2
WALLET,263,263,7861,23581,2
WALLET,264,264,7891,23671,2
WALLET,265,265,7921,23761,2
WALLET,266,266,7951,23851,2
WALLET,267,267,7981,23941,2
WALLET,268,268,8011,24031,2
WALLET,269,269,8041,24121,2
WALLET,270,270,8071,24211,2
WALLET,271,271,8101,24301,2
WALLET,272,272,8131,24391,2
WALLET,273,273,8161,24481,2
WALLET,274,274,8191,24571,2
WALLET,275,275,8221,24661,2
WALLET,276,276,8251,24751,2
WALLET,277,277,8281,24841,2
WALLET,278,278,8311,24931,2
WALLET,279,279,8341,25021,2
WALLET,280,280,8371,25111,2
WALLET,281,281,8401,25201,2
WALLET,282,282,8431,25291,2
WALLET,283,283,8461,25381,2
WALLET,284,284,8491,25471,2
WALLET,285,285,8521,25561,2
WALLET,286,286,8551,25651,2
WALLET,287,287,8581,25741,2
WALLET,288,288,8611,25831,2
WALLET,289,289,8641,25921,2
WALLET,290,290,8671,26011,2
WALLET,291,291,8701,26101,2
WALLET,292,292,8731,26191,2
WALLET,293,293,8761,26281,2
WALLET,294,294,8791,26371,2
WALLET,295,295,8821,26461,2
WALLET,296,296,8851,26551,2
WALLET,297,297,8881,26641,2
WALLET,298,298,8911,26731,2
WALLET,299,299,8941,26821,2
WALLET,300,300,8971,26911,2
WALLET,301,301,9001,27001,2
WALLET,302,302,9031,27091,2
WALLET,303,303,9061,27181,2
WALLET,304,304,9091,27271,2
WALLET,305,305,9121,27361,2
WALLET,306,306,9151,27451,2
WALLET,307,307,9181,27541,2
WALLET,308,308,9211,27631,2
WALLET,309,309,9241,27721,2
WALLET,310,310,9271,27811,2
WALLET,311,311,9301,27901,2
WALLET,312,312,9331,27991,2
WALLET,313,313,9361,28081,2
WALLET,314,314,9391,28171,2
WALLET,315,315,9421,28261,2
WALLET,316,316,9451,28351,2
WALLET,317,317,9481,28441,2
WALLET,318,318,9511,28531,2
WALLET,319,319,9541,28621,2
WALLET,320,320,9571,28711,2
WALLET,321,321,9601,28801,2
WALLET,322,322,9631,28891,2
WALLET,323,323,9661,28981,2
WALLET,324,324,9691,29071,2
WALLET,325,325,9721,29161,2
WALLET,326,326,9751,29251,2
WALLET,327,327,9781,29341,2
WALLET,328,328,9811,29431,2
WALLET,329,329,9841,29521,2
WALLET,330,330,9871,29611,2
WALLET,331,331,9901,29701,2
WALLET,332,332,9931,29791,2
WALLET,333,333,9961,29881,2
WALLET,334,334,9991,29971,2
WALLET,335,335,10021,30061,2
WALLET,336,336,10051,30151,2
WALLET,337,337,10081,30241,2
WALLET,338,338,10111,30331,2
WALLET,339,339,10141,30421,2
WALLET,340,340,10171,30511,2
WALLET,341,341,10201,30601,2
WALLET,342,342,10231,30691,2
WALLET,343,343,10261,30781,2
WALLET,344,344,10291,30871,2
WALLET,345,345,10321,30961,2
WALLET,346,346,10351,31051,2
WALLET,347,347,10381,31141,2
WALLET,348,348,10411,31231,2
WALLET,349,349,10441,31321,2
WALLET,350,350,10471,31411,2
WALLET,351,351,10501,31501,2
WALLET,352,352,10531,31591,2
WALLET,353,353,10561,31681,2
WALLET,354,354,10591,31771,2
WALLET,355,355,10621,31861,2
WALLET,356,356,10651,31951,2
WALLET,357,357,10681,32041,2
WALLET,358,358,10711,32131,2
WALLET,359,359,10741,32221,2
WALLET,360,360,10771,32311,2
WALLET,361,361,10801,32401,2
WALLET,362,362,10831,32491,2
WALLET,363,363,10861,32581,2
WALLET,364,364,10891,32671,2
WALLET,365,365,10921,32761,2
WALLET,366,366,10951,32851,2
WALLET,367,367,10981,32941,2
WALLET,368,368,11011,33031,2
WALLET,369,369,11041,33121,2
WALLET,370,370,11071,33211,2
WALLET,371,371,11101,33301,2
WALLET,372,372,11131,33391,2
WALLET,373,373,11161,33481,2
WALLET,374,374,11191,33571,2
WALLET,375,375,11221,33661,2
WALLET,376,376,11251,33751,2
WALLET,377,377,11281,33841,2
WALLET,378,378,11311,33931,2
WALLET,379,379,11341,34021,2
WALLET,380,380,11371,34111,2
WALLET,381,381,11401,34201,2
WALLET,382,382,11431,34291,2
WALLET,383,383,11461,34381,2
WALLET,384,384,11491,34471,2
WALLET,385,385,11521,34561,2
WALLET,386,386,11551,34651,2
WALLET,387,387,11581,34741,2
WALLET,388,388,11611,34831,2
WALLET,389,389,11641,34921,2
WALLET,390,390,11671,35011,2
WALLET,391,391,11701,35101,2
WALLET,392,392,11731,35191,2
WALLET,393,393,11761,35281,2
WALLET,394,394,11791,35371,2
WALLET,395,395,11821,35461,2
WALLET,396,396,11851,35551,2
WALLET,397,397,11881,35641,2
WALLET,398,398,11911,35731,2
WALLET,399,399,11941,35821,2
WALLET,400,400,11971,35911,2
WALLET,401,401,12001,36001,2
WALLET,402,402,12031,36091,2
WALLET,403,403,12061,36181,2
WALLET,404,404,12091,36271,2
WALLET,405,405,12121,36361,2
WALLET,406,406,12151,36451,2
WALLET,407,407,12181,36541,2
WALLET,408,408,12211,36631,2
WALLET,409,409,12241,36721,2
WALLET,410,410,12271,36811,2
WALLET,411,411,12301,36901,2
WALLET,412,412,12331,36991,2
WALLET,413,413,12361,37081,2
WALLET,414,414,12391,37171,2
WALLET,415,415,12421,37261,2
WALLET,416,416,12451,37351,2
WALLET,417,417,12481,37441,2
WALLET,418,418,12511,37531,2
WALLET,419,419,12541,37621,2
WALLET,420,420,12571,37711,2
WALLET,421,421,12601,37801,2
WALLET,422,422,12631,37891,2
WALLET,423,423,12661,37981,2
WALLET,424,424,12691,38071,2
WALLET,425,425,12721,38161,2
WALLET,426,426,12751,38251,2
WALLET,427,427,12781,38341,2
WALLET,428,428,12811,38431,2
WALLET,429,429,12841,38521,2
WALLET,430,430,12871,38611,2
WALLET,431,431,12901,38701,2
WALLET,432,432,12931,38791,2
WALLET,433,433,12961,38881,2
WALLET,434,434,12991,38971,2
WALLET,435,435,13021,39061,2
WALLET,436,436,13051,39151,2
WALLET,437,437,13081,39241,2
WALLET,438,438,13111,39331,2
WALLET,439,439,13141,39421,2
WALLET,440,440,13171,39511,2
WALLET,441,441,13201,39601,2
WALLET,442,442,13231,39691,2
WALLET,443,443,13261,39781,2
WALLET,444,444,13291,39871,2
WALLET,445,445,13321,39961,2
WALLET,446,446,13351,40051,2
WALLET,447,447,13381,40141,2
WALLET,448,448,13411,40231,2
WALLET,449,449,13441,40321,2
WALLET,450,450,13471,40411,2
WALLET,451,451,13501,40501,2
WALLET,452,452,13531,40591,2
WALLET,453,453,13561,40681,2
WALLET,454,454,13591,40771,2
WALLET,455,455,13621,40861,2
WALLET,456,456,13651,40951,2
WALLET,457,457,13681,41041,2
WALLET,458,458,13711,41131,2
WALLET,459,459,13741,41221,2
WALLET,460,460,13771,41311,2
WALLET,461,461,13801,41401,2
WALLET,462,462,13831,41491,2
WALLET,463,463,13861,41581,2
WALLET,464,464,13891,41671,2
WALLET,465,465,13921,41761,2
WALLET,466,466,13951,41851,2
WALLET,467,467,13981,41941,2
WALLET,468,468,14011,42031,2
WALLET,469,469,14041,42121,2
WALLET,470,470,14071,42211,2
WALLET,471,471,14101,42301,2
WALLET,472,472,14131,42391,2
WALLET,473,473,14161,42481,2
WALLET,474,474,14191,42571,2
WALLET,475,475,14221,42661,2
WALLET,476,476,14251,42751,2
WALLET,477,477,14281,42841,2
WALLET,478,478,14311,42931,2
WALLET,479,479,14341,43021,2
WALLET,480,480,14371,43111,2
WALLET,481,481,14401,43201,2
WALLET,482,482,14431,43291,2
WALLET,483,483,14461,43381,2
WALLET,484,484,14491,43471,2
WALLET,485,485,14521,43561,2
WALLET,486,486,14551,43651,2
WALLET,487,487,14581,43741,2
WALLET,488,488,14611,43831,2
WALLET,489,489,14641,43921,2
WALLET,490,490,14671,44011,2
WALLET,491,491,14701,44101,2
WALLET,492,492,14731,44191,2
WALLET,493,493,14761,44281,2
WALLET,494,494,14791,44371,2
WALLET,495,495,14821,44461,2
WALLET,496,496,14851,44551,2
WALLET,497,497,14881,44641,2
WALLET,498,498,14911,44731,2
WALLET,499,499,14941,44821,2
WALLET,500,500,14971,44911,2
WALLET,501,501,15001,45001,2
WALLET,502,502,15031,45091,2
WALLET,503,503,15061,45181,2
WALLET,504,504,15091,45271,2
WALLET,505,505,15121,45361,2
WALLET,506,506,15151,45451,2
WALLET,507,507,15181,45541,2
WALLET,508,508,15211,45631,2
WALLET,509,509,15241,45721,2
WALLET,510,510,15271,45811,2
WALLET,511,511,15301,45901,2
WALLET,512,512,15331,45991,2
WALLET,513,513,15361,46081,2
WALLET,514,514,15391,46171,2
WALLET,515,515,15421,46261,2
WALLET,516,516,15451,46351,2
WALLET,517,517,15481,46441,2
WALLET,518,518,15511,46531,2
WALLET,519,519,15541,46621,2
WALLET,520,520,15571,46711,2
WALLET,521,521,15601,46801,2
WALLET,522,522,15631,46891,2
WALLET,523,523,15661,46981,2
WALLET,524,524,15691,47071,2
WALLET,525,525,15721,47161,2
WALLET,526,526,15751,47251,2
WALLET,527,527,15781,47341,2
WALLET,528,528,15811,47431,2
WALLET,529,529,15841,47521,2
WALLET,530,530,15871,47611,2
WALLET,531,531,15901,47701,2
WALLET,532,532,15931,47791,2
WALLET,533,533,15961,47881,2
WALLET,534,534,15991,47971,2
WALLET,535,535,16021,48061,2
WALLET,536,536,16051,48151,2
WALLET,537,537,16081,48241,2
WALLET,538,538,16111,48331,2
WALLET,539,539,16141,48421,2
WALLET,540,540,16171,48511,2
WALLET,541,541,16201,48601,2
WALLET,542,542,16231,48691,2
WALLET,543,543,16261,48781,2
WALLET,544,544,16291,48871,2
WALLET,545,545,16321,48961,2
WALLET,546,546,16351,49051,2
WALLET,547,547,16381,49141,2
WALLET,548,548,16411,49231,2
WALLET,549,549,16441,49321,2
WALLET,550,550,16471,49411,2
WALLET,551,551,16501,49501,2
WALLET,552,552,16531,49591,2
WALLET,553,553,16561,49681,2
WALLET,554,554,16591,49771,2
WALLET,555,555,16621,49861,2
WALLET,556,556,16651,49951,2
WALLET,557,557,16681,50041,2
WALLET,558,558,16711,50131,2
WALLET,559,559,16741,50221,2
WALLET,560,560,16771,50311,2
WALLET,561,561,16801,50401,2
WALLET,562,562,16831,50491,2
WALLET,563,563,16861,50581,2
WALLET,564,564,16891,50671,2
WALLET,565,565,16921,50761,2
WALLET,566,566,16951,50851,2
WALLET,567,567,16981,50941,2
WALLET,568,568,17011,51031,2
WALLET,569,569,17041,51121,2
WALLET,570,570,17071,51211,2
WALLET,571,571,17101,51301,2
WALLET,572,572,17131,51391,2
WALLET,573,573,17161,51481,2
WALLET,574,574,17191,51571,2
WALLET,575,575,17221,51661,2
WALLET,576,576,17251,51751,2
WALLET,577,577,17281,51841,2
WALLET,578,578,17311,51931,2
WALLET,579,579,17341,52021,2
WALLET,580,580,17371,52111,2
WALLET,581,581,17401,52201,2
WALLET,582,582,17431,52291,2
WALLET,583,583,17461,52381,2
WALLET,584,584,17491,52471,2
WALLET,585,585,17521,52561,2
WALLET,586,586,17551,52651,2
WALLET,587,587,17581,52741,2
WALLET,588,588,17611,52831,2
WALLET,589,589,17641,52921,2
WALLET,590,590,17671,53011,2
WALLET,591,591,17701,53101,2
WALLET,592,592,17731,53191,2
WALLET,593,593,17761,53281,2
WALLET,594,594,17791,53371,2
WALLET,595,595,17821,53461,2
WALLET,596,596,17851,53551,2
WALLET,597,597,17881,53641,2
WALLET,598,598,17911,53731,2
WALLET,599,599,17941,53821,2
WALLET,600,600,17971,53911,2
WALLET,601,601,18001,54001,2
WALLET,602,602,18031,54091,2
WALLET,603,603,18061,54181,2
WALLET,604,604,18091,54271,2
WALLET,605,605,18121,54361,2
WALLET,606,606,18151,54451,2
WALLET,607,607,18181,54541,2
WALLET,608,608,18211,54631,2
WALLET,609,609,18241,54721,2
WALLET,610,610,18271,54811,2
WALLET,611,611,18301,54901,2
WALLET,612,612,18331,54991,2
WALLET,613,613,18361,55081,2
WALLET,614,614,18391,55171,2
WALLET,615,615,18421,55261,2
WALLET,616,616,18451,55351,2
WALLET,617,617,18481,55441,2
WALLET,618,618,18511,55531,2
WALLET,619,619,18541,55621,2
WALLET,620,620,18571,55711,2
WALLET,621,621,18601,55801,2
WALLET,622,622,18631,55891,2
WALLET,623,623,18661,55981,2
WALLET,624,624,18691,56071,2
WALLET,625,625,18721,56161,2
WALLET,626,626,18751,56251,2
WALLET,627,627,18781,56341,2
WALLET,628,628,18811,56431,2
WALLET,629,629,18841,56521,2
WALLET,630,630,18871,56611,2
WALLET,631,631,18901,56701,2
WALLET,632,632,18931,56791,2
WALLET,633,633,18961,56881,2
WALLET,634,634,18991,56971,2
WALLET,635,635,19021,57061,2
WALLET,636,636,19051,57151,2
WALLET,637,637,19081,57241,2
WALLET,638,638,19111,57331,2
WALLET,639,639,19141,57421,2
WALLET,640,640,19171,57511,2
WALLET,641,641,19201,57601,2
WALLET,642,642,19231,57691,2
WALLET,643,643,19261,57781,2
WALLET,644,644,19291,57871,2
WALLET,645,645,19321,57961,2
WALLET,646,646,19351,58051,2
WALLET,647,647,19381,58141,2
WALLET,648,648,19411,58231,2
WALLET,649,649,19441,58321,2
WALLET,650,650,19471,58411,2
WALLET,651,651,19501,58501,2
WALLET,652,652,19531,58591,2
WALLET,653,653,19561,58681,2
WALLET,654,654,19591,58771,2
WALLET,655,655,19621,58861,2
WALLET,656,656,19651,58951,2
WALLET,657,657,19681,59041,2
WALLET,658,658,19711,59131,2
WALLET,659,659,19741,59221,2
WALLET,660,660,19771,59311,2
WALLET,661,661,19801,59401,2
WALLET,662,662,19831,59491,2
WALLET,663,663,19861,59581,2
WALLET,664,664,19891,59671,2
WALLET,665,665,19921,59761,2
WALLET,666,666,19951,59851,2
WALLET,667,667,19981,59941,2
WALLET,668,668,20011,60031,2
WALLET,669,669,20041,60121,2
WALLET,670,670,20071,60211,2
WALLET,671,671,20101,60301,2
WALLET,672,672,20131,60391,2
WALLET,673,673,20161,60481,2
WALLET,674,674,20191,60571,2
WALLET,675,675,20221,60661,2
WALLET,676,676,20251,60751,2
WALLET,677,677,20281,60841,2
WALLET,678,678,20311,60931,2
WALLET,679,679,20341,61021,2
WALLET,680,680,20371,61111,2
WALLET,681,681,20401,61201,2
WALLET,682,682,20431,61291,2
WALLET,683,683,20461,61381,2
WALLET,684,684,20491,61471,2
WALLET,685,685,20521,61561,2
WALLET,686,686,20551,61651,2
WALLET,687,687,20581,61741,2
WALLET,688,688,20611,61831,2
WALLET,689,689,20641,61921,2
WALLET,690,690,20671,62011,2
WALLET,691,691,20701,62101,2
WALLET,692,692,20731,62191,2
WALLET,693,693,20761,62281,2
WALLET,694,694,20791,62371,2
WALLET,695,695,20821,62461,2
WALLET,696,696,20851,62551,2
WALLET,697,697,20881,62641,2
WALLET,698,698,20911,62731,2
WALLET,699,699,20941,62821,2
WALLET,700,700,20971,62911,2
WALLET,701,701,21001,63001,2
WALLET,702,702,21031,63091,2
WALLET,703,703,21061,63181,2
WALLET,704,704,21091,63271,2
WALLET,705,705,21121,63361,2
WALLET,706,706,21151,63451,2
WALLET,707,707,21181,63541,2
WALLET,708,708,21211,63631,2
WALLET,709,709,21241,63721,2
WALLET,710,710,21271,63811,2
WALLET,711,711,21301,63901,2
WALLET,712,712,21331,63991,2
WALLET,713,713,21361,64081,2
WALLET,714,714,21391,64171,2
WALLET,715,715,21421,64261,2
WALLET,716,716,21451,64351,2
WALLET,717,717,21481,64441,2
WALLET,718,718,21511,64531,2
WALLET,719,719,21541,64621,2
WALLET,720,720,21571,64711,2
WALLET,721,721,21601,64801,2
WALLET,722,722,21631,64891,2
WALLET,723,723,21661,64981,2
WALLET,724,724,21691,65071,2
WALLET,725,725,21721,65161,2
WALLET,726,726,21751,65251,2
WALLET,727,727,21781,65341,2
WALLET,728,728,21811,65431,2
WALLET,729,729,21841,65521,2
WALLET,730,730,21871,65611,2
WALLET,731,731,21901,65701,2
WALLET,732,732,21931,65791,2
WALLET,733,733,21961,65881,2
WALLET,734,734,21991,65971,2
WALLET,735,735,22021,66061,2
WALLET,736,736,22051,66151,2
WALLET,737,737,22081,66241,2
WALLET,738,738,22111,66331,2
WALLET,739,739,22141,66421,2
WALLET,740,740,22171,66511,2
WALLET,741,741,22201,66601,2
WALLET,742,742,22231,66691,2
WALLET,743,743,22261,66781,2
WALLET,744,744,22291,66871,2
WALLET,745,745,22321,66961,2
WALLET,746,746,22351,67051,2
WALLET,747,747,22381,67141,2
WALLET,748,748,22411,67231,2
WALLET,749,749,22441,67321,2
WALLET,750,750,22471,67411,2
WALLET,751,751,22501,67501,2
WALLET,752,752,22531,67591,2
WALLET,753,753,22561,67681,2
WALLET,754,754,22591,67771,2
WALLET,755,755,22621,67861,2
WALLET,756,756,22651,67951,2
WALLET,757,757,22681,68041,2
WALLET,758,758,22711,68131,2
WALLET,759,759,22741,68221,2
WALLET,760,760,22771,68311,2
WALLET,761,761,22801,68401,2
WALLET,762,762,22831,68491,2
WALLET,763,763,22861,68581,2
WALLET,764,764,22891,68671,2
WALLET,765,765,22921,68761,2
WALLET,766,766,22951,68851,2
WALLET,767,767,22981,68941,2
WALLET,768,768,23011,69031,2
WALLET,769,769,23041,69121,2
WALLET,770,770,23071,69211,2
WALLET,771,771,23101,69301,2
WALLET,772,772,23131,69391,2
WALLET,773,773,23161,69481,2
WALLET,774,774,23191,69571,2
WALLET,775,775,23221,69661,2
WALLET,776,776,23251,69751,2
WALLET,777,777,23281,69841,2
WALLET,778,778,23311,69931,2
WALLET,779,779,23341,70021,2
WALLET,780,780,23371,70111,2
WALLET,781,781,23401,70201,2
WALLET,782,782,23431,70291,2
WALLET,783,783,23461,70381,2
WALLET,784,784,23491,70471,2
WALLET,785,785,23521,70561,2
WALLET,786,786,23551,70651,2
WALLET,787,787,23581,70741,2
WALLET,788,788,23611,70831,2
WALLET,789,789,23641,70921,2
WALLET,790,790,23671,71011,2
WALLET,791,791,23701,71101,2
WALLET,792,792,23731,71191,2
WALLET,793,793,23761,71281,2
WALLET,794,794,23791,71371,2
WALLET,795,795,23821,71461,2
WALLET,796,796,23851,71551,2
WALLET,797,797,23881,71641,2
WALLET,798,798,23911,71731,2
WALLET,799,799,23941,71821,2
WALLET,800,800,23971,71911,2
WALLET,801,801,24001,72001,2
WALLET,802,802,24031,72091,2
WALLET,803,803,24061,72181,2
WALLET,804,804,24091,72271,2
WALLET,805,805,24121,72361,2
WALLET,806,806,24151,72451,2
WALLET,807,807,24181,72541,2
WALLET,808,808,24211,72631,2
WALLET,809,809,24241,72721,2
WALLET,810,810,24271,72811,2
WALLET,811,811,24301,72901,2
WALLET,812,812,24331,72991,2
WALLET,813,813,24361,73081,2
WALLET,814,814,24391,73171,2
WALLET,815,815,24421,73261,2
WALLET,816,816,24451,73351,2
WALLET,817,817,24481,73441,2
WALLET,818,818,24511,73531,2
WALLET,819,819,24541,73621,2
WALLET,820,820,24571,73711,2
WALLET,821,821,24601,73801,2
WALLET,822,822,24631,73891,2
WALLET,823,823,24661,73981,2
WALLET,824,824,24691,74071,2
WALLET,825,825,24721,74161,2
WALLET,826,826,24751,74251,2
WALLET,827,827,24781,74341,2
WALLET,828,828,24811,74431,2
WALLET,829,829,24841,74521,2
WALLET,830,830,24871,74611,2
WALLET,831,831,24901,74701,2
WALLET,832,832,24931,74791,2
WALLET,833,833,24961,74881,2
WALLET,834,834,24991,74971,2
WALLET,835,835,25021,75061,2
WALLET,836,836,25051,75151,2
WALLET,837,837,25081,75241,2
WALLET,838,838,25111,75331,2
WALLET,839,839,25141,75421,2
WALLET,840,840,25171,75511,2
WALLET,841,841,25201,75601,2
WALLET,842,842,25231,75691,2
WALLET,843,843,25261,75781,2
WALLET,844,844,25291,75871,2
WALLET,845,845,25321,75961,2
WALLET,846,846,25351,76051,2
WALLET,847,847,25381,76141,2
WALLET,848,848,25411,76231,2
WALLET,849,849,25441,76321,2
WALLET,850,850,25471,76411,2
WALLET,851,851,25501,76501,2
WALLET,852,852,25531,76591,2
WALLET,853,853,25561,76681,2
WALLET,854,854,25591,76771,2
WALLET,855,855,25621,76861,2
WALLET,856,856,25651,76951,2
WALLET,857,857,25681,77041,2
WALLET,858,858,25711,77131,2
WALLET,859,859,25741,77221,2
WALLET,860,860,25771,77311,2
WALLET,861,861,25801,77401,2
WALLET,862,862,25831,77491,2
WALLET,863,863,25861,77581,2
WALLET,864,864,25891,77671,2
WALLET,865,865,25921,77761,2
WALLET,866,866,25951,77851,2
WALLET,867,867,25981,77941,2
WALLET,868,868,26011,78031,2
WALLET,869,869,26041,78121,2
WALLET,870,870,26071,78211,2
WALLET,871,871,26101,78301,2
WALLET,872,872,26131,78391,2
WALLET,873,873,26161,78481,2
WALLET,874,874,26191,78571,2
WALLET,875,875,26221,78661,2
WALLET,876,876,26251,78751,2
WALLET,877,877,26281,78841,2
WALLET,878,878,26311,78931,2
WALLET,879,879,26341,79021,2
WALLET,880,880,26371,79111,2
WALLET,881,881,26401,79201,2
WALLET,882,882,26431,79291,2
WALLET,883,883,26461,79381,2
WALLET,884,884,26491,79471,2
WALLET,885,885,26521,79561,2
WALLET,886,886,26551,79651,2
WALLET,887,887,26581,79741,2
WALLET,888,888,26611,79831,2
WALLET,889,889,26641,79921,2
WALLET,890,890,26671,80011,2
WALLET,891,891,26701,80101,2
WALLET,892,892,26731,80191,2
WALLET,893,893,26761,80281,2
WALLET,894,894,26791,80371,2
WALLET,895,895,26821,80461,2
WALLET,896,896,26851,80551,2
WALLET,897,897,26881,80641,2
WALLET,898,898,26911,80731,2
WALLET,899,899,26941,80821,2
WALLET,900,900,26971,80911,2
WALLET,901,901,27001,81001,2
WALLET,902,902,27031,81091,2
WALLET,903,903,27061,81181,2
WALLET,904,904,27091,81271,2
WALLET,905,905,27121,81361,2
WALLET,906,906,27151,81451,2
WALLET,907,907,27181,81541,2
WALLET,908,908,27211,81631,2
WALLET,909,909,27241,81721,2
WALLET,910,910,27271,81811,2
WALLET,911,911,27301,81901,2
WALLET,912,912,27331,81991,2
WALLET,913,913,27361,82081,2
WALLET,914,914,27391,82171,2
WALLET,915,915,27421,82261,2
WALLET,916,916,27451,82351,2
WALLET,917,917,27481,82441,2
WALLET,918,918,27511,82531,2
WALLET,919,919,27541,82621,2
WALLET,920,920,27571,82711,2
WALLET,921,921,27601,82801,2
WALLET,922,922,27631,82891,2
WALLET,923,923,27661,82981,2
WALLET,924,924,27691,83071,2
WALLET,925,925,27721,83161,2
WALLET,926,926,27751,83251,2
WALLET,927,927,27781,83341,2
WALLET,928,928,27811,83431,2
WALLET,929,929,27841,83521,2
WALLET,930,930,27871,83611,2
WALLET,931,931,27901,83701,2
WALLET,932,932,27931,83791,2
WALLET,933,933,27961,83881,2
WALLET,934,934,27991,83971,2
WALLET,935,935,28021,84061,2
WALLET,936,936,28051,84151,2
WALLET,937,937,28081,84241,2
WALLET,938,938,28111,84331,2
WALLET,939,939,28141,84421,2
WALLET,940,940,28171,84511,2
WALLET,941,941,28201,84601,2
WALLET,942,942,28231,84691,2
WALLET,943,943,28261,84781,2
WALLET,944,944,28291,84871,2
WALLET,945,945,28321,84961,2
WALLET,946,946,28351,85051,2
WALLET,947,947,28381,85141,2
WALLET,948,948,28411,85231,2
WALLET,949,949,28441,85321,2
WALLET,950,950,28471,85411,2
WALLET,951,951,28501,85501,2
WALLET,952,952,28531,85591,2
WALLET,953,953,28561,85681,2
WALLET,954,954,28591,85771,2
WALLET,955,955,28621,85861,2
WALLET,956,956,28651,85951,2
WALLET,957,957,28681,86041,2
WALLET,958,958,28711,86131,2
WALLET,959,959,28741,86221,2
WALLET,960,960,28771,86311,2
WALLET,961,961,28801,86401,2
WALLET,962,962,28831,86491,2
WALLET,963,963,28861,86581,2
WALLET,964,964,28891,86671,2
WALLET,965,965,28921,86761,2
WALLET,966,966,28951,86851,2
WALLET,967,967,28981,86941,2
WALLET,968,968,29011,87031,2
WALLET,969,969,29041,87121,2
WALLET,970,970,29071,87211,2
WALLET,971,971,29101,87301,2
WALLET,972,972,29131,87391,2
WALLET,973,973,29161,87481,2
WALLET,974,974,29191,87571,2
WALLET,975,975,29221,87661,2
WALLET,976,976,29251,87751,2
WALLET,977,977,29281,87841,2
WALLET,978,978,29311,87931,2
WALLET,979,979,29341,88021,2
WALLET,980,980,29371,88111,2
WALLET,981,981,29401,88201,2
WALLET,982,982,29431,88291,2
WALLET,983,983,29461,88381,2
WALLET,984,984,29491,88471,2
WALLET,985,985,29521,88561,2
WALLET,986,986,29551,88651,2
WALLET,987,987,29581,88741,2
WALLET,988,988,29611,88831,2
WALLET,989,989,29641,88921,2
WALLET,990,990,29671,89011,2
WALLET,991,991,29701,89101,2
WALLET,992,992,29731,89191,2
WALLET,993,993,29761,89281,2
WALLET,994,994,29791,89371,2
WALLET,995,995,29821,89461,2
WALLET,996,996,29851,89551,2
WALLET,997,997,29881,89641,2
WALLET,998,998,29911,89731,2
WALLET,999,999,29941,89821,2
WALLET,1000,1000,29971,89911,2